20170214,14:19,16131,Vot final - Proiectul de Hotarare privind vacantarea locului de deputat al domnului Adrian Ionut Gadea (ca urmare a demisiei) (PH CD 7/2017).,290,284,2,1,3
20170214,14:20,16132,Vot final - Proiectul de Hotarare privind modificarea anexei la Hotararea Camerei Deputatilor nr.125/2016 pentru aprobarea componentei nominale a comisiilor permanente ale Camerei Deputatilor (PH CD 8/2017).,298,297,0,0,1
20170214,14:21,16133,Vot final respingere,299,286,13,0,-
20170214,14:21,16134,Vot final respingere,295,231,2,61,1
20170214,14:22,16135,Vot final respingere,299,297,1,1,-
20170214,14:23,16136,Vot final respingere,295,294,0,1,-
20170214,14:24,16137,Vot final respingere,297,292,0,3,2
20170214,14:24,16138,Vot final respingere,298,282,11,2,3
20170214,14:25,16139,Vot final respingere,299,297,2,0,-
20170214,14:26,16140,Vot final respingere,299,278,16,4,1
20170214,14:26,16141,Vot final respingere,295,281,13,1,-
20170214,14:27,16142,Vot final respingere,296,279,13,2,2
20170214,14:28,16143,Vot final respingere,297,282,10,5,-
20170214,14:28,16144,Vot final respingere,297,280,14,2,1
20170214,14:29,16145,Vot final respingere,288,274,14,0,-
20170214,14:30,16146,Vot final respingere,290,288,1,0,1
20170214,14:30,16147,Vot final respingere,297,295,1,1,-
20170214,14:31,16148,Vot final respingere,295,292,0,1,2
20170214,14:32,16149,Vot final respingere,296,199,94,3,-
20170214,14:32,16150,Vot final respingere,297,295,1,0,1
20170214,14:33,16151,Vot final respingere,297,278,15,2,2
20170214,14:34,16152,Vot final respingere,295,294,1,0,-
20170214,14:34,16153,Vot final respingere,296,265,30,0,1
20170214,14:35,16154,Vot final respingere,300,269,30,0,1
20170214,14:36,16155,Vot final respingere,298,298,0,0,-
20170214,14:36,16156,Vot final respingere,295,293,0,2,-
20170214,14:37,16157,Vot final respingere,293,289,2,2,-
20170214,14:38,16158,Vot final respingere,293,278,14,0,1
20170214,14:38,16159,Vot final respingere,295,219,73,2,1
20170214,14:39,16160,Vot final respingere,293,290,1,2,-
20170214,14:40,16161,Vot final respingere,294,292,0,1,1
20170214,14:41,16162,Vot final respingere,288,287,0,0,1
20170214,14:42,16163,Vot final respingere,288,286,1,1,-
20170214,14:42,16164,Vot final respingere,292,289,0,3,-
20170214,14:43,16165,Vot final respingere,285,256,28,0,1
20170214,14:44,16166,Vot final respingere,290,289,1,0,-
20170214,14:44,16167,Vot final respingere,290,168,120,2,-
20170214,14:45,16168,Vot final respingere,291,215,73,3,-
20170214,14:46,16169,respingere  Pl-x 202/2014 - Propunerea legislativa privind organizarea si exercitarea profesiei de dietetician (Pl-x 202/2014),293,77,213,2,1
20170214,14:48,16170,Vot final respingere,291,281,10,0,-
20170214,14:49,16171,Vot final respingere,295,294,1,0,-
20170214,14:49,16172,Vot final respingere,294,293,1,0,-
20170214,14:50,16115,Vot final respingere,293,289,3,1,-
20170214,14:50,16173,Vot final respingere,293,281,4,6,2
20170214,14:51,16116,Vot final respingere,291,277,12,0,2
20170214,14:52,16105,Vot final respingere,293,274,14,4,1
20170214,14:53,16106,Vot final respingere,291,274,16,1,-
20170214,14:53,16107,Vot final respingere,290,288,0,2,-
20170214,14:54,16108,Vot final respingere,292,217,74,1,-
20170214,14:55,16109,Vot final respingere,292,287,2,1,2
20170214,14:55,16110,Vot final respingere,284,251,27,4,2
20170214,14:56,16111,Vot final respingere,289,285,0,3,1
20170214,14:57,16112,respingere  Pl-x 7/2016 - Propunerea legislativa pentru modificarea si completarea Legii nr.188/1999 privind Statutul functionarilor publici (Pl-x 7/2016),284,215,67,1,1
20170214,14:57,16113,Vot final respingere,292,290,0,0,2
20170214,14:58,16114,Vot final respingere,284,181,102,1,-
20170214,14:59,16117,Vot final respingere,288,185,102,1,-
20170214,14:59,16119,Vot final respingere,289,285,2,0,2
20170214,15:00,16120,Vot final respingere,291,244,43,3,1
20170214,15:01,16121,Vot final respingere,293,253,32,8,-
20170214,15:01,16122,Vot final respingere,286,256,27,3,-
20170214,15:02,16123,Vot final respingere,282,280,2,0,-
20170214,15:03,16118,Vot final respingere,282,269,4,2,7
20170214,15:03,16124,Vot final respingere,289,287,0,1,1
20170214,15:04,16125,Vot final respingere,286,284,1,1,-
20170214,15:05,16126,Vot final respingere,285,254,1,30,-
20170214,15:05,16127,Vot final respingere,285,184,68,32,1
20170220,16:57,16175,Retrimitere la comisie,139,69,64,1,5
20170221,10:20,16186,Comisie de numarare si validare,110,108,0,1,1
20170221,11:21,16183,Retrimitere la comisie,121,46,73,0,2
20170221,11:32,16184,Pl-x nr.189/2016 - Propunere 1,127,56,67,1,3
20170221,12:13,16180,Amr2,185,39,130,9,7
20170221,12:13,16181,Forma initiala,189,164,15,7,3
20170221,12:14,16182,Amr 1,194,29,161,3,1
20170221,12:15,16187,Forma initiala,196,166,28,2,-
20170221,12:16,16188,Amr 2,195,41,152,2,-
20170221,12:17,16176,Forma initiala,205,156,42,5,2
20170221,12:18,16177,Amr 3,203,33,168,1,1
20170221,12:18,16178,Forma initiala,208,172,29,4,3
20170221,12:19,16179,Modificare program de lucru,193,137,52,3,1
20170221,13:09,16254,Prezenţă,275,-,-,-,-
20170221,13:11,16191,Vot final,285,282,0,0,3
20170221,13:14,16192,Vot final - Proiectul de Hotarare privind modificarea anexei la Hotararea Camerei Deputatilor nr.125/2016 pentru aprobarea componentei nominale a comisiilor permanente ale Camerei Deputatilor (PH CD 9/2017).,287,284,0,0,3
20170221,13:14,16193,"Vot final - Proiectul de Hotarare privind eliberarea din functie a secretarului general al Camerei Deputatilor, la cerere, ca urmare a pensionarii (PHCD 11/2017).",290,289,0,1,-
20170221,13:15,16194,Vot final adoptare - lege ordinară,293,260,31,1,1
20170221,13:16,16189,Vot final respingere,287,280,6,0,1
20170221,13:16,16195,Vot final respingere,294,289,1,1,3
20170221,13:17,16196,Vot final respingere,295,289,0,4,2
20170221,13:18,16197,Vot final respingere,292,286,1,4,1
20170221,13:18,16198,Vot final respingere,291,280,4,5,2
20170221,13:19,16199,Vot final respingere,294,290,1,1,2
20170221,13:19,16200,Vot final respingere,291,275,11,4,1
20170221,13:20,16202,Vot final respingere,292,260,30,0,2
20170221,13:20,16203,Vot final respingere,292,290,1,0,1
20170221,13:21,16204,Vot final respingere,291,289,0,1,1
20170221,13:22,16201,Vot final respingere,293,272,17,2,2
20170221,13:22,16205,Vot final respingere,293,292,0,0,1
20170221,13:23,16206,Vot final respingere,293,204,83,4,2
20170221,13:23,16207,Vot final respingere,289,286,1,1,1
20170221,13:24,16208,Vot final respingere,290,206,82,1,1
20170221,13:25,16209,Vot final respingere,291,255,29,6,1
20170221,13:26,16210,Vot final respingere,293,290,0,2,1
20170221,13:26,16211,Vot final respingere,289,287,0,0,2
20170221,13:27,16212,Vot final respingere,293,289,0,3,1
20170221,13:27,16213,Vot final respingere,289,288,0,1,-
20170221,13:28,16215,Vot final respingere,293,288,0,2,3
20170221,13:28,16216,Vot final respingere,294,262,30,2,-
20170221,13:29,16217,Vot final respingere,290,223,0,67,-
20170221,13:30,16214,Vot final respingere,291,288,0,3,-
20170221,13:30,16218,Vot final respingere,295,184,107,4,-
20170221,13:31,16219,Vot final respingere,291,288,1,1,1
20170221,13:31,16220,Vot final respingere,290,288,0,1,1
20170221,13:32,16221,Vot final respingere,291,208,79,2,2
20170221,13:32,16222,Vot final respingere,294,271,18,4,1
20170221,13:33,16223,Vot final respingere,294,242,41,10,1
20170221,13:34,16224,Vot final adoptare - lege organică,296,292,0,1,3
20170221,13:35,16225,Vot final adoptare - lege organică,295,291,0,3,1
20170221,13:39,16226,Vot final respingere,286,280,1,2,3
20170221,13:40,16228,Vot final respingere,281,279,0,1,1
20170221,13:41,16229,Vot final respingere,284,279,0,5,-
20170221,13:41,16230,Vot final respingere,280,277,1,0,2
20170221,13:42,16227,Vot final respingere,280,280,0,0,-
20170221,13:42,16231,Vot final respingere,281,218,0,63,-
20170221,13:43,16232,Vot final respingere,283,173,109,1,-
20170221,13:44,16233,Vot final respingere,283,280,0,2,1
20170221,13:45,16234,Vot final respingere,282,215,2,65,-
20170221,13:46,16235,Vot final respingere,284,274,6,3,1
20170221,13:46,16236,Vot final respingere,286,211,73,2,-
20170221,13:47,16237,Vot final respingere,283,281,2,0,-
20170221,13:47,16238,Vot final respingere,281,199,76,6,-
20170221,13:51,16239,Vot final respingere,282,282,0,0,-
20170221,13:52,16240,Vot final respingere,276,276,0,0,-
20170221,13:52,16242,Vot final respingere,272,272,0,0,-
20170221,13:53,16241,Vot final respingere,280,271,4,4,1
20170221,13:53,16243,Vot final respingere,279,252,0,26,1
20170221,13:54,16244,Vot final respingere,274,272,0,1,1
20170221,13:54,16245,Vot final respingere,283,282,1,0,-
20170221,13:55,16246,Vot final respingere,281,280,0,0,1
20170221,13:55,16247,Vot final respingere,282,281,1,0,-
20170221,13:56,16248,Vot final respingere,278,277,0,0,1
20170221,13:57,16249,Vot final respingere,278,278,0,0,-
20170221,13:57,16250,Vot final respingere,283,253,26,4,-
20170227,16:08,16262,Retrimitere la comisie,196,194,0,0,2
20170227,16:19,16263,Retrimitere la comisie,203,202,0,0,1
20170227,16:27,16264,Retrimitere la comisie,217,217,0,0,-
20170227,16:33,16265,Retrimitere la comisie,209,207,0,0,2
20170227,16:59,16266,Retrimitere la comisie,212,185,27,0,-
20170228,11:39,16273,Retrimitere la comisie - pentru un sfert de ora,117,117,0,0,-
20170228,11:54,16270,Retrimitere la comisie,132,132,0,0,-
20170228,11:55,16267,Retrimitere la comisie,136,136,0,0,-
20170228,12:09,16268,Amendament respins,119,43,73,2,1
20170228,12:09,16269,Vot pentru forma initiala,127,96,27,3,1
20170228,12:31,16274,Modificare program de lucru,113,109,4,0,-
20170228,12:41,16271,Retrimitere la comisie,109,107,1,1,-
20170228,12:50,16272,Retrimitere la comisie,126,118,8,0,-
20170228,14:03,16301,Prezenţă,255,-,-,-,-
20170228,14:03,16302,Vot final - Proiectul de Hotarare privind vacantarea unui loc de vicepresedinte al Camerei Deputatilor (PH CD 13/2017).,268,263,0,0,5
20170228,14:04,16303,Vot final,276,271,0,3,2
20170228,14:04,16304,Vot final - Proiectul de Hotarare privind modificarea anexei la Hotararea Camerei Deputatilor nr.125/2016 pentru aprobarea componentei nominale a comisiilor permanente ale Camerei Deputatilor (PH CD 15 /2017).,279,279,0,0,-
20170228,14:05,16305,Vot final adoptare,283,279,0,2,2
20170228,14:06,16300,Vot final adoptare,283,281,0,1,1
20170228,14:07,16306,Vot final adoptare,283,283,0,0,-
20170228,14:08,16307,Vot final adoptare,286,284,0,0,2
20170228,14:09,16308,Vot final adoptare,288,288,0,0,-
20170228,14:10,16309,Vot final adoptare,289,288,0,0,1
20170228,14:10,16310,Vot final adoptare,288,287,0,1,-
20170228,14:11,16311,Vot final adoptare,292,291,0,1,-
20170228,14:12,16312,Vot final adoptare,293,201,31,61,-
20170228,14:13,16313,Vot final adoptare,296,205,32,59,-
20170228,14:14,16314,Vot final adoptare,295,294,0,0,1
20170228,14:15,16276,Vot final adoptare,298,298,0,0,-
20170228,14:15,16277,Vot final adoptare,296,296,0,0,-
20170228,14:16,16278,Vot final adoptare,297,295,1,0,1
20170228,14:17,16275,Vot final adoptare,298,297,0,0,1
20170228,14:18,16279,Vot final adoptare,298,296,0,2,-
20170228,14:18,16280,Vot final adoptare,296,265,29,2,-
20170228,14:19,16281,Vot final adoptare,297,292,0,0,5
20170228,14:20,16282,Vot final adoptare,298,297,1,0,-
20170228,14:20,16283,Vot final adoptare,296,296,0,0,-
20170228,14:21,16284,Vot final adoptare,296,296,0,0,-
20170228,14:22,16285,Vot final respingere,300,294,3,3,-
20170228,14:22,16286,Vot final respingere,300,283,11,5,1
20170228,14:24,16288,Vot final respingere,299,261,1,37,-
20170228,14:25,16289,Vot final respingere,292,290,1,1,-
20170228,14:25,16292,Vot final respingere,297,234,60,3,-
20170228,14:26,16290,Vot final adoptare,298,298,0,0,-
20170228,14:27,16291,Vot final adoptare,295,293,1,0,1
20170228,14:28,16293,Vot final adoptare,293,291,0,1,1
20170228,14:28,16294,Vot final adoptare,291,289,0,0,2
20170228,14:29,16295,Vot final adoptare,299,296,1,0,2
20170228,14:30,16296,Vot final respingere,300,292,1,3,4
20170228,14:31,16297,Vot final respingere,300,284,12,3,1
20170228,14:31,16298,Vot final respingere,298,294,1,3,-
20170228,14:32,16299,Vot final respingere,300,293,3,3,1
20170306,16:04,16317,Retrimitere la comisie,114,110,0,0,4
20170306,16:30,16315,Amendament respins,163,86,77,0,-
20170307,11:21,16322,Modificare program de lucru,134,112,3,19,-
20170307,11:25,16318,Retrimitere la comisie,143,142,1,0,-
20170307,11:33,16319,Retrimitere la comisie,130,128,1,0,1
20170307,11:37,16320,Retrimitere la comisie,132,131,0,0,1
20170307,11:43,16321,Retrimitere la comisie,128,70,58,0,-
20170307,12:36,16335,Prezenţă,219,-,-,-,-
20170307,12:40,16337,Vot final - Proiectul de Hotarare privind modificarea anexei la Hotararea Camerei Deputatilor nr.125/2016 pentru aprobarea componentei nominale a comisiilor permanente ale Camerei Deputatilor (PH CD 16 /2017).,253,248,1,1,3
20170307,12:40,16338,Vot final - Proiectul de Hotarare privind aprobarea structurii organizatorice si a statului de functii ale Centrului International de Conferinte (PH CD 17 /2017).,260,256,0,2,2
20170307,12:41,16339,Vot final adoptare,269,267,2,0,-
20170307,12:42,16340,Vot final adoptare,270,266,0,1,3
20170307,12:42,16341,Vot final adoptare,271,270,1,0,-
20170307,12:43,16342,Vot final adoptare,272,270,1,1,-
20170307,12:44,16344,Vot final adoptare,267,267,0,0,-
20170307,12:44,16345,Vot final adoptare,271,269,0,2,-
20170307,12:45,16323,Vot final adoptare,274,273,1,0,-
20170307,12:45,16324,Vot final respingere,273,252,18,3,-
20170307,12:46,16325,Vot final respingere,275,275,0,0,-
20170307,12:46,16326,Vot final respingere,277,276,0,0,1
20170307,12:47,16327,Vot final respingere,271,270,0,1,-
20170307,12:47,16328,Vot final respingere,274,242,29,3,-
20170307,12:48,16329,Vot final adoptare,278,277,0,0,1
20170307,12:48,16330,Vot final adoptare,277,276,0,0,1
20170307,12:49,16331,Vot final adoptare,275,273,0,1,1
20170307,12:49,16332,Vot final adoptare,280,279,0,0,1
20170307,12:50,16333,Vot final respingere,278,243,17,18,-
20170307,12:50,16336,Vot final adoptare,279,278,0,1,-
20170307,12:51,16334,Vot final respingere,279,260,17,2,-
20170313,16:09,16346,Prelungire a termenului constituțional de dezbatere și vot final pentru PLx 10/2017 și PLx 12/2017,207,197,8,1,1
20170313,16:11,16347,Timp dezbatere,214,212,0,1,1
20170314,10:11,16400,Retrimitere la comisie,95,94,1,0,-
20170314,10:11,16401,Retrimitere la comisie,119,119,0,0,-
20170314,10:12,16402,Retrimitere la comisie,123,122,1,0,-
20170314,10:13,16403,Retrimitere la comisie,127,126,1,0,-
20170314,10:13,16404,Retrimitere la comisie,126,126,0,0,-
20170314,10:14,16405,Retrimitere la comisie,132,132,0,0,-
20170314,10:35,16394,Retrimitere la comisie,147,58,76,13,-
20170314,10:58,16396,Amendament respins,149,23,120,2,4
20170314,10:59,16398,Pl-x nr.109/2017 - Propunere 1,157,136,18,1,2
20170314,11:01,16395,Amendament admis,166,143,19,1,3
20170314,11:01,16397,Amendament respins,161,18,139,1,3
20170314,11:53,16399,Retrimitere la comisie,133,122,10,0,1
20170314,11:54,16406,Modificare program de lucru,143,135,7,1,-
20170314,13:12,16411,Prezenţă,246,-,-,-,-
20170314,13:15,16407,Vot final adoptare,273,269,0,0,4
20170314,13:16,16408,Vot final adoptare,277,250,22,2,3
20170314,13:17,16409,Vot final adoptare,278,276,0,0,2
20170314,13:17,16410,Vot final adoptare,278,274,1,1,2
20170314,13:18,16413,Vot final adoptare,273,271,0,0,2
20170314,13:18,16414,Vot final adoptare,274,270,1,1,2
20170314,13:19,16415,Vot final adoptare,275,264,5,5,1
20170314,13:20,16416,Vot final adoptare,271,260,1,6,4
20170314,13:20,16417,Vot final adoptare,275,271,0,2,2
20170314,13:21,16412,Vot final adoptare,274,174,81,18,1
20170320,16:27,16420,Amendament admis,194,16,173,4,1
20170320,16:28,16428,Textul initial,204,188,10,4,2
20170320,16:30,16421,Amendament admis,213,153,57,3,-
20170320,16:30,16425,Amendament respins,212,71,140,0,1
20170320,16:33,16422,Amendament admis,209,147,61,1,-
20170320,16:33,16426,Amendament respins,216,69,145,1,1
20170320,16:35,16423,Amendament admis,205,23,181,1,-
20170320,16:36,16418,Textul initial,215,193,20,0,2
20170320,16:38,16424,Amendament admis,211,149,60,1,1
20170320,16:38,16427,Amendament respins,205,61,143,0,1
20170320,16:43,16419,Retrimitere la comisie,215,211,1,0,3
20170320,17:04,16429,Retrimitere la comisie,175,172,1,1,1
20170320,17:06,16430,Retrimitere la comisie,187,187,0,0,-
20170321,10:12,16445,Retrimitere la comisie,75,74,1,0,-
20170321,10:13,16442,Modificare ordine de zi,109,109,0,0,-
20170321,10:13,16443,Retrimitere la comisie,109,108,0,0,1
20170321,10:31,16446,Retrimitere la comisie,132,128,4,0,-
20170321,11:54,16447,Retrimitere la comisie,117,42,73,1,1
20170321,12:09,16444,Sistarea dezbaterilor,109,93,15,1,-
20170321,13:07,16475,Prezenţă,226,-,-,-,-
20170321,13:08,16448,Vot final - Proiectul de Hotarare privind modificarea anexei la Hotararea Camerei Deputatilor nr.125/2016 pentru aprobarea componentei nominale a comisiilor permanente ale Camerei Deputatilor (PH CD 20/2017).,263,257,1,0,5
20170321,13:09,16449,Vot final adoptare,266,245,19,1,1
20170321,13:10,16450,Vot final adoptare,272,269,2,0,1
20170321,13:11,16451,Vot final adoptare,271,195,73,3,-
20170321,13:11,16452,Vot final adoptare,269,267,0,1,1
20170321,13:12,16453,Vot final adoptare,272,271,0,0,1
20170321,13:13,16454,Vot final adoptare,272,270,0,0,2
20170321,13:14,16455,Vot final adoptare,271,213,30,25,3
20170321,13:15,16456,Vot final adoptare,271,271,0,0,-
20170321,13:15,16457,Vot final adoptare,273,210,60,3,-
20170321,13:16,16458,Vot final adoptare,269,269,0,0,-
20170321,13:17,16459,Vot final adoptare,272,196,2,74,-
20170321,13:18,16460,Vot final respingere,272,260,9,1,2
20170321,13:19,16462,Vot final respingere,276,274,0,1,1
20170321,13:19,16463,Vot final respingere,274,272,0,1,1
20170321,13:20,16464,Vot final respingere,276,276,0,0,-
20170321,13:20,16465,Vot final respingere,279,279,0,0,-
20170321,13:21,16466,Vot final respingere,280,280,0,0,-
20170321,13:22,16467,Vot final respingere,280,280,0,0,-
20170321,13:23,16468,Vot final respingere,277,256,2,19,-
20170321,13:24,16461,Vot final respingere,278,276,0,2,-
20170321,13:24,16469,Vot final respingere,274,270,2,1,1
20170321,13:25,16470,Vot final respingere,278,276,0,2,-
20170321,13:26,16471,Vot final adoptare,278,274,0,3,1
20170321,13:28,16472,Vot final adoptare,273,91,174,5,3
20170321,13:35,16473,Vot final respingere,273,270,0,3,-
20170321,13:36,16474,Vot final respingere,278,277,0,1,-
20170327,16:15,16479,Propunere 1,154,152,0,1,1
20170327,16:31,16477,Retrimitere la comisie,196,172,15,7,2
20170327,17:21,16478,Amendament respins,124,18,96,8,2
20170328,10:25,16481,Retrimitere la comisie,112,45,66,0,1
20170328,10:49,16482,Retrimitere la comisie,134,47,84,2,1
20170328,10:52,16483,Retrimitere la comisie,142,44,96,1,1
20170328,11:03,16484,Retrimitere la comisie,153,119,29,5,-
20170328,11:19,16485,Retrimitere la comisie,132,132,0,0,-
20170328,11:37,16480,Modificare program de lucru,147,141,5,1,-
20170328,11:43,16486,Retrimitere la comisie,149,148,1,0,-
20170328,11:56,16487,Propunere 1,142,139,1,2,-
20170328,13:07,16508,Prezenţă,258,-,-,-,-
20170328,13:09,16498,Vot final - Proiectul de Hotarare pentru suplimentarea obiectivelor prevazute de Hotararea Camerei Deputatilor nr. 5/2017 privind efectuarea unui control de catre Curtea de Conturi pentru verificarea conditiilor in care s-a realizat rectificarea bugetului de stat din lunile august si noiembrie 2016 de catre Guvernul Romaniei (PHCD 21/2017).,263,172,83,0,8
20170328,13:10,16499,Vot final - Proiectul de Hotarare privind aprobarea componentei nominale si a conducerii Delegatiei permanente a Camerei Deputatilor la Adunarea Interparlamentara a Ortodoxiei (PHCD 22/2017).,272,266,2,2,2
20170328,13:10,16500,Vot final adoptare,276,274,0,0,2
20170328,13:11,16501,Vot final adoptare,276,276,0,0,-
20170328,13:11,16502,Vot final adoptare,282,281,0,0,1
20170328,13:12,16503,Vot final adoptare,279,277,0,0,2
20170328,13:12,16504,Vot final adoptare,282,280,1,1,-
20170328,13:13,16505,Vot final adoptare,285,284,0,1,-
20170328,13:13,16506,Vot final respingere,284,281,2,1,-
20170328,13:14,16507,Vot final respingere,281,264,16,0,1
20170328,13:14,16509,Vot final respingere,281,201,77,3,-
20170328,13:15,16510,Vot final respingere,285,283,1,0,1
20170328,13:15,16511,Vot final respingere,284,270,12,2,-
20170328,13:16,16512,Vot final respingere,282,266,14,1,1
20170328,13:16,16513,Vot final respingere,278,275,2,0,1
20170328,13:16,16514,Vot final respingere,281,278,2,0,1
20170328,13:17,16488,Vot final respingere,282,282,0,0,-
20170328,13:17,16489,Vot final respingere,276,272,2,1,1
20170328,13:18,16490,Vot final respingere,285,265,15,3,2
20170328,13:18,16491,Vot final respingere,284,282,1,0,1
20170328,13:19,16492,Vot final respingere,279,262,12,4,1
20170328,13:19,16493,Vot final respingere,282,277,0,3,2
20170328,13:20,16494,Vot final respingere,285,211,72,1,1
20170328,13:21,16495,Vot final adoptare,284,281,0,1,2
20170328,13:21,16496,Vot final respingere,279,251,26,1,1
20170328,13:22,16497,Vot final respingere,280,251,27,2,-
20170403,16:17,16515,Punctul 22 din ordinea de zi - PL-x 73/2017 - amânat,198,198,0,0,-
20170403,17:02,16516,Prelungirea programului de lucru,177,166,10,0,1
20170404,10:12,16519,Retrimitere la comisie,114,80,31,2,1
20170404,10:24,16522,Retrimitere la comisie,148,50,97,1,-
20170404,10:36,16523,Stabilire timpi dezbatere,162,137,23,1,1
20170404,10:39,16517,Amendament admis,161,24,137,0,-
20170404,10:40,16521,Modificarea programului de lucru,160,156,2,2,-
20170404,10:52,16518,Amendament respins,144,134,7,2,1
20170404,11:32,16520,Retrimitere la comisie,149,57,92,0,-
20170404,12:37,16524,Prezenţă,208,-,-,-,-
20170404,12:39,16525,Vot final - Proiectul de Hotarare privind vacantarea locului de deputat al domnului Manuel Costescu (PH CD 23 /2017).,249,243,1,0,5
20170404,12:39,16526,Vot final - Proiectul de Hotarare privind modificarea anexei la Hotararea Camerei Deputatilor nr.125/2016 pentru aprobarea componentei nominale a comisiilor permanente ale Camerei Deputatilor (PH CD 24 /2017).,256,254,0,1,1
20170404,12:40,16527,Vot final,261,243,0,18,-
20170404,12:40,16528,"Vot final - Proiectul de Hotarare privind adoptarea opiniei referitoare la Comunicarea Comisiei catre Parlamentul European, Consiliu, Comitetul Economic si Social European si Comitetul Regiunilor - Viitorii lideri ai Europei: initiativa privind intreprinderile nou-infiintate si extinderea acestora COM(2016) 733 (PH CD 27 /2017).",270,269,1,0,-
20170404,12:41,16529,Vot final - Proiectul de Hotarare privind completarea articolului 113 al Regulamentului Camerei Deputatilor (PHCD 18/2017).,267,264,2,1,-
20170404,12:41,16530,Vot final - Proiectul de Hotarare privind modificarea alin.(2) al art.214 din Regulamentul Camerei Deputatilor (PHCD 19/2017).,270,247,19,3,1
20170404,12:42,16531,Vot final adoptare,272,272,0,0,-
20170404,12:42,16532,Vot final adoptare,268,257,10,1,-
20170404,12:43,16533,Vot final adoptare,271,271,0,0,-
20170404,12:44,16534,Vot final adoptare,272,271,0,0,1
20170404,12:44,16535,Vot final adoptare,273,273,0,0,-
20170404,12:45,16536,Vot final respingere,273,272,0,1,-
20170404,12:45,16537,Vot final respingere,275,273,1,1,-
20170404,12:46,16538,Vot final respingere,281,272,6,3,-
20170404,12:48,16539,Vot final adoptare - lege organică,279,182,3,94,-
20170404,12:49,16540,Vot final adoptare - lege organică,280,247,32,0,1
20170404,12:50,16541,Vot final adoptare,287,285,0,1,1
20170404,12:50,16542,Vot final adoptare,280,185,95,0,-
20170404,12:51,16543,Vot final adoptare,283,252,1,28,2
20170404,12:52,16544,Vot final adoptare,280,222,1,55,2
20170404,12:53,16545,Vot final respingere - lege organică,280,177,98,4,1
20170404,12:56,16546,Comisia de numarare voturi pentru vot secret cu bile,216,214,0,1,1
20170410,00:00,16548,Timpi dezbatere,145,140,0,0,5
20170411,10:12,16552,Retrimitere la comisie,92,92,0,0,-
20170411,10:12,16553,Retrimitere la comisie,108,108,0,0,-
20170411,10:13,16554,Retrimitere la comisie,107,107,0,0,-
20170411,10:14,16555,Retrimitere la comisie,112,112,0,0,-
20170411,10:43,16549,Retrimitere la comisie,136,40,87,9,-
20170411,10:48,16556,Modificare program de lucru,139,,,2,
20170411,11:23,16550,Retrimitere la comisie,159,103,54,2,-
20170411,11:43,16551,Retrimitere la comisie,141,135,0,5,1
20170411,12:40,16557,Prezenţă,218,-,-,-,-
20170411,12:41,16558,Vot final - Proiectul de Hotarare privind modificarea anexei la Hotararea Camerei Deputatilor nr.125/2016 pentru aprobarea componentei nominale a comisiilor permanente ale Camerei Deputatilor (PH CD 28 /2017).,259,255,0,0,4
20170411,12:42,16559,Vot final adoptare,261,260,0,0,1
20170411,12:42,16560,Vot final adoptare,257,256,0,0,1
20170411,12:43,16561,Vot final adoptare,259,255,1,2,1
20170411,12:44,16562,Vot final adoptare,262,261,0,0,1
20170411,12:44,16563,Vot final adoptare,268,267,0,0,1
20170411,12:45,16564,Vot final adoptare,264,263,0,0,1
20170411,12:46,16565,Vot final adoptare,269,268,0,0,1
20170411,12:46,16566,Vot final adoptare,268,178,39,51,-
20170411,12:50,16567,Vot final adoptare,270,218,1,49,2
20170411,12:50,16568,Vot final adoptare,276,196,2,77,1
20170411,12:51,16569,Vot final adoptare,271,251,0,19,1
20170411,12:51,16570,Vot final respingere,275,272,0,3,-
20170411,12:52,16571,Vot final respingere,275,275,0,0,-
20170418,16:10,16573,Pl-x nr.356/2016 - Propunere 1,157,156,0,0,1
20170418,16:11,16572,Retrimitere la comisie,171,171,0,0,-
20170418,16:20,16574,Retrimitere la comisie,169,169,0,0,-
20170418,16:32,16575,Retrimitere la comisie,166,65,101,0,-
20170419,10:06,16576,Modificare ordine de zi,67,66,0,0,1
20170419,10:17,16577,Retrimitere la comisie,104,104,0,0,-
20170419,10:38,16582,Modificare program de lucru,122,119,2,1,-
20170419,10:45,16578,Retrimitere la comisie,125,124,0,1,-
20170419,10:59,16579,Retrimitere la comisie,143,56,87,0,-
20170419,11:27,16580,Modificare ordine de zi - Punctul 31 din ordinea de zi devine punctul 29.,139,137,2,0,-
20170419,11:28,16581,Retrimitere la comisie - PL-x 338/2016,134,131,1,0,2
20170419,12:04,16583,Prezenţă,173,-,-,-,-
20170419,12:05,16584,Vot final - Raportul Comisiei de validare privind validarea unui mandat de deputat (PH CD 30/2017). adoptare,222,217,0,0,5
20170419,12:07,16585,"Vot final - Proiectul de Hotarare privind adoptarea opiniei referitoare la Comunicarea comuna a Comisiei Europene si Inaltului Reprezentant pentru afaceri externe si politica de securitate catre Parlamentul European, Consiliul European si Consiliu - Migratia pe ruta central-mediteraneana - Gestionarea fluxurilor de migratie, salvarea de vieti omenesti JOIN(2017)4 (PHCD 29/2017).",236,234,1,0,1
20170419,12:08,16586,Vot final adoptare,238,236,1,0,1
20170419,12:09,16587,Vot final adoptare,241,239,0,0,2
20170419,12:09,16588,Vot final adoptare,236,154,78,2,2
20170419,12:10,16589,Vot final adoptare,242,242,0,0,-
20170419,12:10,16590,Vot final adoptare,240,238,1,0,1
20170419,12:11,16591,Vot final adoptare,241,237,3,1,-
20170419,12:11,16592,Vot final adoptare,239,239,0,0,-
20170419,12:12,16593,Vot final respingere,233,148,71,13,1
20170419,12:12,16594,Vot final respingere,241,231,9,1,-
20170419,12:13,16595,Vot final respingere,240,230,10,0,-
20170419,12:13,16596,Vot final respingere,237,205,32,0,-
20170419,12:14,16597,Vot final respingere,238,180,55,2,1
20170419,12:15,16598,Vot final respingere,241,240,0,0,1
20170419,12:15,16599,Vot final respingere,246,174,67,3,2
20170419,12:19,16600,Vot final respingere,242,224,0,18,-
20170419,12:19,16601,Vot final respingere,240,239,0,1,-
20170419,12:21,16602,Vot final adoptare,240,239,0,1,-
20170419,12:21,16603,Vot final respingere,243,241,2,0,-
20170419,12:22,16604,Vot final respingere,241,210,31,0,-
20170419,12:22,16605,Vot final respingere,241,229,10,2,-
20170419,12:23,16606,Vot final respingere,240,202,37,1,-
20170424,16:06,16608,Propunere includere pe ordinea de zi - includere pe ordinea de zi,134,133,0,0,1
20170424,16:07,16609,Retrimitere la comisie  PL 409/2016 pentru modificarea şi completarea Legii nr.92 din 10 aprilie 2007 privind serviciile de transport public local  PL 409/2016 pentru modificarea şi completarea Legii nr.92 din 10 aprilie 2007 privind serviciile de transport public local,145,133,8,4,-
20170424,16:08,16610,Propunere 3,163,161,0,2,-
20170424,16:08,16611,Retrimitere la comisie,150,149,0,1,-
20170424,17:09,16607,Retrimitere la comisie,136,121,15,0,-
20170425,10:11,16613,Pl-x nr.333/2015 - Propunere 1,99,42,55,2,-
20170425,10:13,16618,Amendament respins,106,39,67,0,-
20170425,10:14,16619,Amendament respins,112,42,70,0,-
20170425,10:21,16614,Retrimitere la comisie,126,45,79,1,1
20170425,10:25,16612,Modificare program de lucru,130,116,10,4,-
20170425,10:33,16615,Retrimitere la comisie,121,45,76,0,-
20170425,10:41,16616,Retrimitere la comisie,129,49,79,1,-
20170425,11:22,16617,Retrimitere la comisie,132,124,5,1,2
20170425,12:07,16643,Prezenţă,192,-,-,-,-
20170425,12:08,16644,Vot final - Proiectul de Hotarare privind modificarea anexei la Hotararea Camerei Deputatilor nr.125/2016 pentru aprobarea componentei nominale a comisiilor permanente ale Camerei Deputatilor (PH CD 31/2017).,235,231,0,0,4
20170425,12:09,16645,Vot final adoptare,241,237,0,0,4
20170425,12:10,16646,Vot final adoptare,239,229,3,4,3
20170425,12:11,16647,Vot final adoptare,246,237,4,4,1
20170425,12:11,16648,Vot final adoptare,250,247,1,2,-
20170425,12:12,16649,Vot final adoptare - lege ordinară,254,212,33,8,1
20170425,12:13,16620,Vot final respingere,260,198,58,4,-
20170425,12:13,16642,Vot final respingere,260,256,3,1,-
20170425,12:14,16621,Vot final respingere,261,245,15,1,-
20170425,12:15,16622,Vot final respingere,260,260,0,0,-
20170425,12:15,16623,Vot final respingere,260,216,43,1,-
20170425,12:16,16624,Vot final respingere,266,221,43,2,-
20170425,12:16,16625,Vot final respingere,264,218,46,0,-
20170425,12:17,16626,Vot final respingere,268,251,16,1,-
20170425,12:18,16627,Vot final adoptare - lege organică,261,245,0,16,-
20170425,12:21,16628,Vot final adoptare,258,212,38,6,2
20170425,12:22,16629,Vot final adoptare,264,187,71,6,-
20170425,12:36,16630,adoptare  Pl-x 218/2014 - Propunerea legislativa privind unele masuri urgente de reducere a riscului seismic asupra populatiei (Pl-x 218/2014),255,20,233,2,-
20170425,12:37,16631,adoptare  PL-x 173/2015 - Proiectul de Lege pentru completarea art.165 din Legea nr.263/2010 privind sistemul unitar de pensii publice (PL-x 173/2015),258,10,245,3,-
20170425,12:38,16632,Vot final respingere,259,246,11,2,-
20170425,12:40,16633,Vot final respingere,259,243,13,2,1
20170425,12:41,16634,Vot final respingere,253,248,3,1,1
20170425,12:42,16635,Vot final respingere,254,226,27,0,1
20170425,12:42,16636,Vot final respingere,256,191,65,0,-
20170425,12:43,16637,Vot final respingere,257,242,14,0,1
20170425,12:43,16638,Vot final respingere,260,259,0,0,1
20170425,12:44,16639,Vot final respingere,260,256,1,2,1
20170425,12:44,16640,Vot final respingere,262,176,86,0,-
20170425,12:45,16641,Vot final respingere,260,259,0,1,-
20170502,16:09,16650,Modificare program de lucru,121,104,12,3,2
20170502,16:19,16651,Stabilire timpi dezbatere,157,147,2,6,2
20170502,16:24,16652,Stabilire timpi dezbatere,165,162,0,3,-
20170502,16:36,16653,Stabilire timpi dezbatere,171,171,0,0,-
20170503,11:32,16658,Amendament respins,131,12,116,2,1
20170503,11:33,16663,Pl-x nr.466/2016 - Text initial,133,117,13,3,-
20170503,11:36,16657,Amendament respins,130,28,82,19,1
20170503,11:37,16656,Amendament respins,136,32,78,24,2
20170503,11:37,16662,Pl-x nr.466/2016 - Text initial,131,95,18,17,1
20170503,11:38,16654,Pl-x nr.466/2016 - Text initial,137,84,27,25,1
20170503,11:38,16659,Amendament respins,139,38,74,26,1
20170503,11:38,16661,Pl-x nr.466/2016 - Text initial,131,87,22,21,1
20170503,11:39,16660,Amendament respins,138,22,90,26,-
20170503,11:40,16655,PL-x 466/2016 - Text initial,139,92,20,26,1
20170503,12:09,16664,Prezenţă,175,-,-,-,-
20170503,12:10,16665,Vot final - Proiectul de Hotarare privind adoptarea opiniei referitoare la Propunerea de Directiva a Parlamentului European si a Consiliului privind dreptul de autor pe piata unica digitala COM(2016) 593 (PH CD 35/2017).,211,206,0,0,5
20170503,12:10,16666,"Vot final - Proiectul de Hotarare privind adoptarea opiniei referitoare la Comunicarea Comisiei catre Parlamentul European, Consiliul European, Consiliu, Comitetul Economic si Social European si Comitetul Regiunilor -Planul de actiune european in domeniul apararii COM(2016)950 (PH CD 36/2017).",217,213,1,0,3
20170503,12:11,16667,Vot final adoptare,223,223,0,0,-
20170503,12:13,16668,Vot final adoptare,224,200,2,22,-
20170503,12:14,16669,Vot final adoptare,232,231,0,0,1
20170503,12:14,16670,Vot final adoptare,229,228,0,1,-
20170503,12:15,16671,Vot final adoptare,235,234,0,0,1
20170503,12:15,16672,Vot final adoptare,237,236,0,0,1
20170503,12:16,16673,Vot final adoptare - lege ordinară,237,204,0,33,-
20170503,12:27,16674,Vot final adoptare,231,231,0,0,-
20170503,12:27,16675,Vot final adoptare,230,230,0,0,-
20170508,16:08,16678,Modificare ordine de zi,152,48,100,1,3
20170508,16:09,16676,Ordine de zi,178,151,21,6,-
20170508,16:29,16683,Propunere 1,177,37,114,25,1
20170508,16:29,16684,Propunere 2,196,184,1,9,2
20170508,16:32,16685,Propunere 3,200,125,69,4,2
20170508,16:56,16677,Prelungire program de lucru,141,138,3,0,-
20170508,16:57,16679,Retrimitere la comisie,144,58,85,0,1
20170508,17:15,16680,Pl-x nr.160/2017 - Propunere 1,131,26,101,4,-
20170508,17:16,16681,Pl-x nr.160/2017 -  Propunere 2,132,101,28,3,-
20170508,17:18,16682,Pl-x nr.160/2017 -  Propunere 3,133,92,33,8,-
20170509,10:34,16686,Amendament admis - ama 12,130,36,91,1,2
20170509,10:34,16687,Amendament admis - ama 13,164,61,99,4,-
20170509,10:35,16688,Amendament admis - ama 14,171,62,102,6,1
20170509,10:35,16689,Amendament admis - ama 15,172,61,105,5,1
20170509,10:56,16690,Amendament admis - ama 5,173,52,119,1,1
20170509,11:17,16701,Prezenţă,272,-,-,-,-
20170509,11:18,16692,Vot final - Proiectul de Hotarare privind adoptarea avizului motivat referitor la Propunerea de Regulament al Parlamentului European si al Consiliului privind piata interna a energiei electrice (reformare) COM (2016) 861 (PHCD 38/2017).,274,272,0,0,2
20170509,11:19,16693,Vot final - Proiectul de Hotarare privind modificarea si completarea Regulamentului Camerei Deputatilor (PHCD 33/2017).,273,171,98,1,3
20170509,11:21,16694,Vot final adoptare - lege ordinară,273,212,41,18,2
20170509,11:21,16695,Vot final adoptare - lege ordinară,276,186,84,5,1
20170509,11:22,16696,Vot final adoptare,278,166,38,74,-
20170509,11:23,16697,Vot final adoptare - lege organică,280,175,85,20,-
20170509,11:23,16698,Vot final adoptare - lege organică,274,219,0,54,1
20170509,11:24,16699,Vot final adoptare - lege organică,279,219,1,58,1
20170509,11:25,16700,adoptare  PLx 127/2017,270,232,22,13,3
20170515,16:13,16702,Modificare ordine de zi,116,116,0,0,-
20170515,16:14,16703,Modificare ordine de zi,152,150,1,0,1
20170515,16:14,16704,Retrimitere la comisie - PL-x 393/2016,145,143,1,0,1
20170515,16:15,16705,Modificare ordine de zi - Pct. 13 din ordinea de zi devine pct. 5.,156,154,0,2,-
20170515,16:16,16706,Modificare ordine de zi,152,152,0,0,-
20170515,16:16,16707,Retrimitere la comisie - Pl-x 359/2016,157,157,0,0,-
20170516,10:34,16805,Pl-x nr.162/2014 - Propunere 1,124,76,33,13,2
20170516,10:34,16821,Amendament respins,123,42,78,1,2
20170516,10:39,16809,Text initial,125,87,23,14,1
20170516,10:39,16822,Amendament respins,122,20,88,14,-
20170516,10:42,16818,Amendament admis,112,99,10,3,-
20170516,10:43,16810,Propunere 2,136,118,16,2,-
20170516,10:48,16811,Text initial,132,85,34,12,1
20170516,10:48,16826,Amendament respins,136,52,82,0,2
20170516,10:50,16819,Amendament admis,141,102,15,24,-
20170516,10:51,16825,Amendament respins,137,38,98,1,-
20170516,10:52,16812,Text initial,136,98,35,3,-
20170516,10:54,16813,Text inital,133,93,38,1,1
20170516,10:54,16824,Amendament respins,135,42,92,1,-
20170516,11:02,16820,Amendament admis,141,119,21,1,-
20170516,11:04,16823,Amendament respins,146,41,104,1,-
20170516,11:05,16814,Text initial,147,104,41,2,-
20170516,11:06,16815,Amendament admis,147,106,38,3,-
20170516,11:10,16806,Stabilire timpi dezbatere,142,134,6,1,1
20170516,11:15,16827,Amendament respins,145,68,76,1,-
20170516,11:15,16829,Pl-x nr.142/2017 -Text initial,148,94,53,1,-
20170516,11:17,16828,Amendament respins,147,144,0,2,1
20170516,11:20,16817,Modificare program de lucru,155,152,2,1,-
20170516,11:57,16807,Retrimitere la comisie,160,158,0,1,1
20170516,12:28,16816,Prelungirea programului de lucru,225,221,0,3,1
20170516,13:05,16808,Retrimitere la comisie,217,213,2,1,1
20170516,13:30,16782,Vot final - Proiectul de Hotarare privind modificarea anexei la Hotararea Camerei Deputatilor nr.125/2016 pentru aprobarea componentei nominale a comisiilor permanente ale Camerei Deputatilor (PH CD 39/2017).,220,219,0,0,1
20170516,13:30,16804,Prezenţă,206,-,-,-,-
20170516,13:31,16784,"Vot final - Proiectul de Hotarare privind adoptarea opiniei referitoare la Comunicarea Comisiei catre Parlamentul European, Consiliu, Comitetul Economic si Social European si Comitetul Regiunilor - Imbunatatirea si modernizarea educatiei COM (2016) 941 (PH CD 41/2017).",241,238,1,0,2
20170516,13:32,16785,Vot final adoptare,252,251,0,0,1
20170516,13:33,16786,Vot final adoptare,252,221,18,12,1
20170516,13:35,16787,Vot final adoptare - lege ordinară,249,175,27,46,1
20170516,13:40,16788,Vot final adoptare - lege ordinară,256,232,21,1,2
20170516,13:41,16783,"Vot final - Proiectul de Hotarare privind adoptarea opiniei referitoare la Comunicarea Comisiei catre Parlamentul European, Consiliu, Comitetul Economic si Social European si Comitetul Regiunilor - Investitia in Tinerii Europei COM (2016) 940 (PH CD 40/2017).",231,230,0,1,-
20170516,13:41,16789,Vot final adoptare,258,257,0,0,1
20170516,13:42,16790,Vot final adoptare,260,259,0,0,1
20170516,13:42,16791,Vot final adoptare,258,258,0,0,-
20170516,13:43,16792,Vot final adoptare,261,259,1,1,-
20170516,13:47,16793,Vot final adoptare,262,235,26,1,-
20170516,13:47,16795,Vot final respingere,257,247,9,1,-
20170516,13:48,16796,Vot final respingere,260,260,0,0,-
20170516,13:48,16797,Vot final respingere,258,214,0,44,-
20170516,13:49,16794,Vot final adoptare - lege organică,256,226,25,4,1
20170516,13:49,16798,Vot final adoptare,262,261,1,0,-
20170516,13:50,16799,Vot final adoptare - lege organică,261,175,24,60,2
20170516,13:51,16800,Vot final respingere,259,200,57,2,-
20170516,13:52,16801,Vot final respingere,262,256,3,3,-
20170516,13:52,16802,Vot final respingere,261,261,0,0,-
20170516,13:52,16803,Vot final respingere,259,220,25,14,-
20170522,16:05,16831,Modificare ordine de zi - PL 439/2016 la pozitia 2,91,88,0,1,2
20170522,16:05,16832,Retrimitere la comisie  PL 439/2016 pentru modificarea art.8 din Legea drepturilor pacientului nr.46/2003  PL 439/2016 pentru modificarea art.8 din Legea drepturilor pacientului nr.46/2003,108,106,1,0,1
20170522,16:07,16833,Modificare ordine de zi - Plx 459/2016 la pozitia 2,118,118,0,0,-
20170522,16:07,16834,Retrimitere la comisie  PL 459/2016 pentru modificarea alineatului (1) a articolului 502 din Codul Fiscal (Legea nr.227/2015 privind Codul Fiscal)  PL 459/2016 pentru modificarea alineatului (1) a articolului 502 din Codul Fiscal (Legea nr.227/2015 privind Codul Fiscal),124,124,0,0,-
20170522,17:07,16830,Retrimitere la comisie,131,30,101,0,-
20170523,10:23,16835,Retrimitere la comisie,124,47,76,1,-
20170523,10:32,16836,Amendament admis - ama 5,124,80,44,0,-
20170523,10:34,16837,Amendament admis - ama 7,146,95,21,30,-
20170523,10:46,16838,Amendament admis - ama 12,141,91,44,6,-
20170523,10:49,16839,Amendament admis - ama 16,153,98,50,5,-
20170523,10:52,16840,Amendament admis - ama 26,141,94,43,4,-
20170523,11:02,16841,Amendament admis - ama 25,137,91,37,9,-
20170523,11:05,16842,Amendament admis - ama 27,146,97,41,8,-
20170523,12:04,16843,Prezenţă,189,-,-,-,-
20170523,12:05,16857,Retrimitere la comisie,250,84,159,6,1
20170523,12:06,16844,Vot final - Proiectul de Hotarare privind adoptarea opiniei referitoare la Comunicarea comuna a Comisiei Europene si Inaltului Reprezentant pentru afaceri externe si politica de securitate catre Parlamentul European si Consiliu - Cateva elemente ale Strategiei UE pentru Siria JOIN(2017)11 (PH CD 42/2017).,256,251,1,0,4
20170523,12:06,16845,"Vot final - Proiectul de Hotarare privind adoptarea opiniei referitoare la Comunicarea Comisiei catre Parlamentul European, Consiliu, Comitetul economic si social european, Comitetul Regiunilor si Banca Europeana de Investitii Accelerarea inovarii in domeniul energiei curate COM(2016)763 (PH CD 43/2017).",259,258,0,0,1
20170523,12:07,16846,"Vot final - Proiectul de Hotarare privind adoptarea opiniilor referitoare la Comunicarea Comisiei catre Parlamentul European, Consiliu, Comitetul social si economic european, Comitetul regiunilor si Banca Europeana de Investitii - Energie curata pentru toti europenii -COM(2016) 860 si laPropunerea de Regulament al Parlamentului European si al Consiliului privind piata interna a energiei electrice (reformare) COM(2016)861 (PH CD 44/2017).",261,259,2,0,-
20170523,12:08,16847,"Vot final - Proiectul de Hotarare privind adoptarea opiniei referitoare la Comunicarea Comisiei catre Parlamentul European si Consiliu privind eficientizarea politicii de returnare a Uniunii Europene - Un plan de actiune reinnoit, COM(2017)200, insotita de Recomandarea Comisiei din 7.03.2017 cu privire la eficientizarea returnarilor in cadrul punerii in aplicare a Directivei 2008/115/CE a Parlamentului European si a Consiliului, C(2017)1600 (PH CD 45/2017).",265,265,0,0,-
20170523,12:08,16848,Vot final adoptare - lege ordinară,260,234,25,1,-
20170523,12:09,16849,Vot final adoptare - lege ordinară,271,269,0,2,-
20170523,12:13,16850,Vot final adoptare - lege ordinară,271,178,80,13,-
20170523,12:19,16858,reluare vot,278,97,176,4,1
20170523,12:23,16851,Vot final adoptare - lege ordinară,275,176,93,5,1
20170523,12:30,16852,Vot final adoptare,275,271,1,2,1
20170523,12:31,16853,Vot final adoptare,274,244,26,3,1
20170523,12:31,16854,Vot final adoptare - lege organică,278,248,26,1,3
20170523,12:34,16855,Vot final adoptare,276,191,29,56,-
20170523,12:40,16856,"adoptare  PL-x 442/2009/2013 - Legea pentru completarea art.7 din Legea nr.50/1991 privind autorizarea executarii lucrarilor de constructii, reexaminata ca urmare a Deciziei Curtii Constitutionale nr.1.598 din 14 decembrie 2011, publicata in Monitorul Oficial al Romaniei, Partea I, nr.924 din 27 decembrie 2011 (PL-x 442/2009/2013)",277,274,0,1,2
20170529,16:11,16862,Modificare ordine de zi - PL-x 267/2016 de la nr. crt. 124 - la nr. crt. 2 pe ordinea de zi,137,107,29,1,-
20170529,16:30,16863,Modificare ordine de zi - Pl-x 434/2012 de la nr.crt. 36 - la nr.crt. 5 pe ordinea de zi,171,170,0,0,1
20170530,10:21,16867,Retrimitere la comisie,89,44,44,1,-
20170530,10:22,16866,Stabilire timpi dezbatere,97,93,4,0,-
20170530,10:24,16868,Amendament admis,104,81,20,3,-
20170530,10:26,16869,Amendament admis,112,87,23,2,-
20170530,11:10,16870,Procedura de desfasurare a dezbaterilor,138,137,1,0,-
20170530,12:05,16871,Prezenţă,171,-,-,-,-
20170530,12:06,16872,"Vot final - Proiectul de Hotarare privind adoptarea opiniei referitoare la Comunicarea Comisiei catre Parlamentul European si Consiliu: Crearea unui sistem de impozitare a societatilor echitabil, competitiv si stabil pentru Uniunea Europeana - COM(2016)682, Propunerea de directiva a Consiliului privind o baza fiscala consolidata comuna a societatilor (CCCTB) - COM(2016)683 si Propunerea de directiva a Consiliului privind o baza fiscala comuna a societatilor - COM(2016) 685 (PHCD 47/2017)",220,219,0,0,1
20170530,12:07,16873,Vot final - Proiectul de Hotarare privind adoptarea opiniei referitoare la Propunerea de directiva a Parlamentului European si a Consiliului privind promovarea utilizarii energiei din surse regenerabile (reformare) COM (2016)767 (PHCD 48/2017),225,225,0,0,-
20170530,12:07,16874,"Vot final - Proiectul de Hotarare privind adoptarea opiniei referitoare la Comunicarea Comisiei catre Parlamentul European, Consiliu, Comitetul economic si social european si Comitetul regiunilor Rolul valorificarii energetice a deseurilor in economia circulara COM (2017) 34 (PHCD 49/2017)",233,232,0,0,1
20170530,12:08,16875,Vot final - Proiectul de Hotarare privind modificarea anexei la Hotararea Camerei Deputatilor nr.125/2016 pentru aprobarea componentei nominale a comisiilor permanente ale Camerei Deputatilor (PH CD 50 /2017),237,237,0,0,-
20170530,12:09,16876,Vot final adoptare,235,234,1,0,-
20170530,12:09,16877,Vot final adoptare,251,250,0,0,1
20170530,12:10,16878,Vot final adoptare,253,253,0,0,-
20170530,12:10,16879,Vot final adoptare,252,215,25,11,1
20170530,12:11,16880,Vot final adoptare,260,256,2,2,-
20170530,12:12,16881,Vot final adoptare,258,240,1,16,1
20170530,12:12,16882,Vot final adoptare,262,176,26,59,1
20170530,12:13,16883,Vot final adoptare,263,262,0,0,1
20170530,12:14,16884,Vot final adoptare,267,267,0,0,-
20170530,12:14,16885,Vot final adoptare,258,255,0,3,-
20170530,12:15,16887,Vot final respingere,263,194,25,44,-
20170530,12:15,16888,Vot final respingere,263,263,0,0,-
20170530,12:16,16889,Vot final respingere,264,199,60,3,2
20170530,12:17,16890,Vot final respingere,265,264,0,1,-
20170530,12:17,16891,Vot final adoptare - lege organică,268,238,27,2,1
20170530,12:18,16892,Vot final adoptare,263,259,1,3,-
20170530,12:18,16893,Vot final respingere,268,267,0,1,-
20170530,12:19,16894,Vot final respingere,260,166,19,75,-
20170530,12:26,16886,Vot final respingere,264,259,1,4,-
20170530,12:29,16895,Comisia de numarare,208,207,0,1,-
20170606,16:18,16898,Retrimitere la comisie  PL 49/2017 pentru modificarea Legii nr.88/2016 privind stabilirea unor măsuri suplimentare obligatorii pentru etichetarea laptelui proaspăt pentru consum şi a produselor lactate  PL 49/2017 pentru modificarea Legii nr.88/2016 privind stabilirea unor măsuri suplimentare obligatorii pentru etichetarea laptelui proaspăt pentru consum şi a produselor lactate,145,143,0,0,2
20170606,16:19,16899,Retrimitere la comisie  PL 183/2017 privind aprobarea Ordonanţei de urgenţă a Guvernului nr.33/2017 pentru modificarea şi completarea art.11 din Ordonanţa de urgenţă a Guvernului nr.22/2009 privind înfiinţarea Autorităţii Naţionale pentru Administrare şi Reglementare în Comunicaţii  PL 183/2017 privind aprobarea Ordonanţei de urgenţă a Guvernului nr.33/2017 pentru modificarea şi completarea art.11 din Ordonanţa de urgenţă a Guvernului nr.22/2009 privind înfiinţarea Autorităţii Naţionale pentru Administrare şi Reglementare în Comunicaţii,180,157,2,20,1
20170606,16:21,16900,"Retrimitere la comisie  PL 77/2017 privind achiziţionarea imobilului conacului Brătianu-Florica (""Vila Florica""), situat în localitatea Ştefăneşti, judeţul Argeş, de către Ministerul Culturii  PL 77/2017 privind achiziţionarea imobilului conacului Brătianu-Florica (""Vila Florica""), situat în localitatea Ştefăneşti, judeţul Argeş, de către Ministerul Culturii",182,139,40,3,-
20170606,16:28,16896,Stabilire timpi dezbatere,163,143,19,1,-
20170606,16:43,16897,Retrimitere la comisie,169,168,0,1,-
20170607,11:11,16901,Stabilire timpi dezbatere,192,154,33,5,-
20170607,11:19,16903,PLx 209/2017 - amr,210,53,139,18,-
20170607,11:20,16902,PLx 209/2017 - ama,214,155,27,32,-
20170607,11:22,16904,PLx 209/2017 - amr,216,19,168,29,-
20170607,11:22,16905,PLx 209/2017 -ama,211,152,3,56,-
20170607,11:24,16906,PLx 209/2017 -amr,206,193,3,9,1
20170607,11:25,16907,PLx 209/2017 -amr,215,213,2,0,-
20170607,11:27,16908,PLx 209/2017 -amr,210,55,154,1,-
20170607,11:29,16909,PLx 209/2017 -amr,216,34,159,23,-
20170607,11:30,16910,PLx 209/2017 -amr,214,56,157,1,-
20170607,12:07,16911,Prezenţă,223,-,-,-,-
20170607,12:08,16912,Vot final - Proiectul de Hotarare privind modificarea anexei la Hotararea Camerei Deputatilor nr.125/2016 pentru aprobarea componentei nominale a comisiilor permanente ale Camerei Deputatilor (PH CD 52/2017).,267,265,0,1,1
20170607,12:08,16919,Prezenţă,265,-,-,-,-
20170607,12:09,16913,Vot final adoptare,265,265,0,0,-
20170607,12:10,16914,Vot final respingere,267,267,0,0,-
20170607,12:11,16915,Vot final adoptare - lege organică,267,188,28,47,4
20170607,12:34,16916,Vot final adoptare,262,258,0,3,1
20170607,12:34,16917,Vot final respingere,262,256,1,3,2
20170607,12:35,16918,Vot final respingere,266,265,1,0,-
20170612,16:05,16926,Modificare ordine de zi - Nr.crt.13 devine nr.crt. 2 pe ordinea de zi - Pl-x 176/2017,113,112,0,0,1
20170612,16:06,16920,Retrimitere la comisie - Pl-x 176/2017,120,120,0,0,-
20170612,16:35,16921,Retrimitere la comisie,156,50,102,3,1
20170612,16:35,16923,Amendament admis,166,49,113,4,-
20170612,16:36,16922,Amendament admis - Repetare vot - Amendament admis 9,161,113,42,5,1
20170612,16:37,16924,Amendament admis 40,166,110,54,2,-
20170612,16:46,16925,Retrimitere la comisie,171,67,104,0,-
20170613,10:10,16927,Prelungirea termenului constitutional la 60 de zile pentru PL-x 183/2017,92,67,25,0,-
20170613,10:42,16930,Amendament respins,138,17,120,1,-
20170613,10:43,16931,Amendament respins,148,20,125,3,-
20170613,10:45,16932,Amendament respins,150,23,127,0,-
20170613,10:59,16928,Retrimitere la comisie,150,33,113,4,-
20170613,11:06,16929,Retrimitere la comisie,157,38,116,3,-
20170613,12:04,16954,Prezenţă,184,-,-,-,-
20170613,12:05,16955,Vot final - Proiectul de Hotarare privind modificarea anexei la Hotararea Camerei Deputatilor nr.125/2016 pentru aprobarea componentei nominale a comisiilor permanente ale Camerei Deputatilor (PH CD 53/2017),233,230,1,0,2
20170613,12:06,16956,Vot final - Proiectul de Hotarare privind adoptarea opiniei referitoare la Comunicarea Comisiei catre Parlamentul European si Consiliu - Protectia copiilor migranti COM (2017) 211 (PH CD 54/2017),237,237,0,0,-
20170613,12:06,16957,Vot final - Proiectul de Hotarare privind vacantarea locului de deputat al domnului Gheorghe - Eugen Nicolaescu (PH CD 55/2017),243,242,1,0,-
20170613,12:07,16958,Vot final adoptare - lege ordinară,252,225,25,0,2
20170613,12:08,16959,Vot final adoptare,258,232,24,1,1
20170613,12:09,16960,Vot final adoptare,267,266,0,0,1
20170613,12:11,16961,Vot final adoptare,269,266,0,3,-
20170613,12:12,16962,Vot final adoptare,268,203,59,5,1
20170613,12:20,16963,Vot final adoptare - lege ordinară,276,246,28,1,1
20170613,12:39,16964,Vot final respingere,282,279,3,0,-
20170613,12:39,16965,Vot final respingere,280,278,1,0,1
20170613,12:40,16966,Vot final respingere,279,223,52,3,1
20170613,12:40,16967,Vot final respingere,279,278,1,0,-
20170613,12:41,16968,Vot final adoptare,272,179,83,10,-
20170613,12:43,16969,Vot final adoptare - lege organică,281,280,0,0,1
20170613,12:44,16970,Vot final adoptare - lege organică,273,243,0,30,-
20170613,12:46,16971,Vot final adoptare,267,201,7,58,1
20170613,12:53,16972,Vot final respingere,271,217,50,3,1
20170613,12:54,16973,Vot final respingere,272,270,1,1,-
20170613,12:54,16974,Vot final respingere,267,262,1,4,-
20170620,11:19,16975,"Pl-x nr.163/2017 - Solicitare din partea initiatorilor de retragere a Propunerii legislative de modificare a Legii nr.161/2003 privind unele masuri pentru asigurarea transparentei in exercitarea demnitatilor publice, a functiilor publice si in mediul de afaceri, prevenirea si sanctionarea coruptiei cu modificarile si completarile ulterioare, precum si a Legii nr.96/2006 privind Statutul deputatilor si al senatorilor cu modificarile si completarile ulterioare",192,161,18,6,7
20170620,11:41,16978,Prelungire program de lucru,204,171,15,16,2
20170620,11:42,16979,Retrimitere la comisie 172/2017,216,213,2,0,1
20170620,11:50,16980,PL 143/2017 - amr,215,88,112,13,2
20170620,11:51,16981,PL 143/2017 - amr,221,41,164,14,2
20170620,11:56,16982,PL 143/2017 - amr,220,216,1,1,2
20170620,11:59,16983,PL 143/2017 - amr,216,83,130,0,3
20170620,11:59,16984,PL 143/2017 - amr,217,85,128,2,2
20170620,12:04,16985,PL 143/2017 - amr,219,64,150,5,-
20170620,12:05,16986,PL 143/2017 - amr,206,76,120,8,2
20170620,12:05,16987,PL 143/2017 - amr,211,69,137,4,1
20170620,12:41,16988,Retrimitere la comisei PL 837/2015,160,60,98,2,-
20170620,12:45,16989,Prelungire program de lucru,171,109,60,2,-
20170620,12:50,16976,Retrimitere la comisie,162,66,95,1,-
20170620,13:36,16990,Prezenţă,186,-,-,-,-
20170620,13:37,16991,Vot final - Proiectul de Hotarare privind adoptarea opiniei referitoare la Cartea alba privind viitorul Europei.Reflectii si scenarii pentru UE-27 pana in 2025 COM (2017) 2025 (PHCD 57/2017).,239,235,0,0,4
20170620,13:37,16992,Vot final adoptare - lege ordinară,246,220,2,23,1
20170620,13:38,16993,Vot final adoptare - lege ordinară,248,223,23,2,-
20170620,13:39,16994,Vot final adoptare - lege ordinară,252,151,85,16,-
20170620,13:40,16995,Vot final adoptare - lege ordinară,265,251,0,12,2
20170620,13:41,16996,Vot final adoptare,264,233,29,2,-
20170620,13:41,16997,Vot final adoptare - lege organică,267,267,0,0,-
20170620,13:42,16998,Vot final adoptare - lege organică,261,230,0,30,1
20170620,13:42,16999,Vot final adoptare - lege organică,263,232,30,1,-
20170620,13:43,17000,Vot final adoptare,261,261,0,0,-
20170620,13:44,17001,Vot final adoptare,267,263,1,3,-
20170627,10:13,17002,Modificare ordine de zi,103,34,63,6,-
20170627,10:16,17012,Modificare program de lucru,121,119,2,0,-
20170627,10:46,17003,Retrimitere la comisie,161,58,103,0,-
20170627,11:05,17006,Pl-x nr.246/2017 - Propunere 1,170,63,94,13,-
20170627,11:21,17004,Amendament respins,178,35,111,32,-
20170627,11:24,17005,Amendament respins,184,70,114,0,-
20170627,11:27,17010,Amendament respins,188,56,129,3,-
20170627,11:43,17007,Pl-x nr.507/2016 - Propunere 1,156,3,149,3,1
20170627,12:14,17008,Retrimitere la comisie,159,150,4,2,3
20170627,12:19,17009,Retrimitere la comisie,179,34,145,0,-
20170627,12:55,17011,Retrimitere la comisie,164,50,111,3,-
20170627,13:19,17028,Prezenţă,217,-,-,-,-
20170627,13:19,17029,Vot final - Proiectul de Hotarare privind validarea unui mandat de deputat (PHCD 62/2017).,225,221,0,0,4
20170627,13:21,17030,Vot final - Proiectul de Hotarare privind modificarea anexei la Hotararea Camerei Deputatilor nr.125/2016 pentru aprobarea componentei nominale a comisiilor permanente ale Camerei Deputatilor (PH CD 63/2017).,238,237,0,0,1
20170627,13:22,17014,"Vot final - Proiectul de Hotarare privind adoptarea opiniei referitoare la Comunicarea Comisiei catre Parlamentul European, Consiliu, Comitetul Economic si Social European si Comitetul Regiunilor O initiativa pentru sprijinirea echilibrului dintre viata profesionala si cea privata a parintilor si ingrijitorilor care lucreaza COM(2017) 252 si Propunerea de Directiva a Parlamentului European si a Consiliului privind echilibrul dintre viata profesionala si cea privata a parintilor si ingrijitorilor si de abrog",246,246,0,0,-
20170627,13:23,17015,Vot final - Proiectul de Hotarare privind adoptarea opiniei referitoare la Documentul de reflectie privind dimensiunea sociala a Europei COM(2017) 206 (PHCD 59/2017).,246,246,0,0,-
20170627,13:24,17016,"Vot final - Proiectul de Hotarare privind adoptarea opiniei referitoare la Comunicarea Comisiei catre Parlamentul European, Consiliu, Comitetul Economic si Social European si Comitetul Regiunilor - Evaluarea la jumatatea perioadei a punerii in aplicare a strategiei privind piata unica digitala - O piata unica digitala conectata pentru toti COM(2017) 228 (PHCD 60/2017).",250,250,0,0,-
20170627,13:24,17017,"Vot final - Proiectul de Hotarare privind adoptarea opiniei referitoare la Comunicarea Comisiei catre Parlamentul European, Consiliu, Comitetul Economic si Social European si Comitetul Regiunilor privind instituirea unui Pilon european al drepturilor sociale COM(2017) 250 (PHCD 61/2017).",257,257,0,0,-
20170627,13:25,17018,Vot final adoptare - lege ordinară,258,166,76,16,-
20170627,13:25,17019,Vot final adoptare,260,260,0,0,-
20170627,13:26,17020,Vot final adoptare,263,261,0,1,1
20170627,13:26,17021,Vot final adoptare,265,264,0,0,1
20170627,13:28,17022,Vot final adoptare,266,266,0,0,-
20170627,13:30,17023,Vot final adoptare,265,224,11,29,1
20170627,13:31,17024,Vot final adoptare,260,260,0,0,-
20170627,13:31,17025,Vot final adoptare,267,265,0,1,1
20170627,13:32,17026,Vot final adoptare,258,256,0,1,1
20170627,13:32,17027,Vot final adoptare,268,217,3,48,-
20170627,13:33,17031,Vot final adoptare,266,223,3,40,-
20170627,13:33,17032,Vot final adoptare,263,181,49,33,-
20170627,13:37,17033,Vot final adoptare,260,213,38,8,1
20170627,13:37,17034,Vot final adoptare,265,261,2,2,-
20170627,13:38,17035,Vot final respingere,264,261,0,3,-
20170808,15:19,17036,Ordinea de zi si programul de lucru,92,89,0,2,1
20170901,12:23,17146,Prezenţă,249,-,-,-,-
20170901,12:24,17147,vacantare loc deputat Trusca Constantin,256,249,0,0,7
20170901,12:24,17148,vacantare loc deputat Badea Leonardo,256,252,0,0,4
20170901,12:25,17149,vacantare loc deputat Coste Marina-Adelina,254,250,0,0,4
20170901,12:25,17150,vacantare loc deputat Iacomi Iulian,256,255,0,0,1
20170901,12:45,17152,Aprobare locuri BP,247,191,10,44,2
20170901,12:56,17151,Propunere 6,236,232,4,0,-
20170904,16:10,17069,Raportul Comisiei de validare,184,180,0,0,4
20170905,10:11,17157,Retrimitere la comisie,99,98,0,0,1
20170905,10:12,17158,Retrimitere la comisie PLx 230/2008/2009 si PLx 282/2016,124,121,2,1,-
20170905,10:23,17159,Retrimitere la comisie,156,147,7,1,1
20170905,10:23,17160,Amendament respins,181,18,107,56,-
20170905,10:43,17153,Retrimitere la comisie,161,62,96,2,1
20170905,11:01,17154,Retrimitere la comisie,167,77,88,0,2
20170905,11:11,17155,Retrimitere la comisie,178,176,1,0,1
20170905,11:12,17156,Retrimitere la comisie,190,189,0,1,-
20170905,12:15,17161,Prezenţă,267,-,-,-,-
20170905,12:16,17162,Vot final - Proiectul de Hotarare privind modificarea anexei la Hotararea Camerei Deputatilor nr.125/2016 pentru aprobarea componentei nominale a comisiilor permanente ale Camerei Deputatilor (PH CD 64/2017).,285,282,0,1,2
20170905,12:17,17163,Vot final adoptare,277,277,0,0,-
20170905,12:18,17164,Vot final adoptare,275,180,72,22,1
20170905,12:19,17165,Vot final adoptare,280,279,0,0,1
20170905,12:20,17166,Vot final adoptare - lege organică,273,191,72,9,1
20170905,12:29,17167,Vot final respingere,274,267,4,2,1
20170913,11:11,17189,Modificare ordine de zi,113,71,33,2,7
20170913,11:45,17190,Retrimitere la comisie PHCD 70/2017,170,78,90,0,2
20170913,11:56,17191,Retrimitere la comisie PHCD 70/2017,178,173,4,1,-
20170913,13:02,17192,Prezenţă,188,-,-,-,-
20170913,13:03,17193,Vot final - Proiectul de Hotarare privind modificarea anexei la Hotararea Camerei Deputatilor nr.125/2016 pentru aprobarea componentei nominale a comisiilor permanente ale Camerei Deputatilor (PH CD 71/2017).,221,219,0,0,2
20170913,13:04,17201,Vot final adoptare,232,231,0,0,1
20170913,13:04,17202,Vot final respingere,249,246,2,1,-
20170913,13:05,17203,Vot final respingere,259,256,1,1,1
20170913,13:06,17194,Vot final respingere,265,263,1,0,1
20170913,13:06,17204,Vot final respingere,262,259,1,0,2
20170913,13:07,17195,Vot final respingere,269,268,0,0,1
20170913,13:07,17196,Vot final respingere,274,233,37,3,1
20170913,13:08,17197,Vot final adoptare,272,271,0,0,1
20170913,13:09,17198,Vot final respingere,276,214,0,61,1
20170913,13:09,17199,Vot final adoptare,277,276,0,1,-
20170913,13:10,17200,Vot asupra unei moţiuni - Motiunea simpla initiata de 92 de deputati (MS 2/2017).,281,104,162,7,8
